Month,aver_daily_tem_diff
6,8.698809863848425
7,9.095232279581005
5,9.239749177265855
4,9.611166615092172
3,9.636207546379664
8,9.85944336748823
2,9.910935748554007
1,10.18414578962524
9,10.210693892467225
12,10.236891699472318
11,10.353501376086673
10,10.376835300242972
